[{"inputs":[{"internalType":"uint256","name":"_rewardPerNode","type":"uint256"},{"internalType":"uint256","name":"_minPrice","type":"uint256"},{"internalType":"address","name":"_nodeManager01","type":"address"}],"stateMutability":"nonpayable","type":"constructor"},{"anonymous":false,"inputs":[{"indexed":true,"internalType":"address","name":"account","type":"address"},{"indexed":true,"internalType":"uint256","name":"amount","type":"uint256"},{"indexed":true,"internalType":"uint256","name":"blockTime","type":"uint256"}],"name":"NodeCreated","type":"event"},{"anonymous":false,"inputs":[{"indexed":true,"internalType":"address","name":"account","type":"address"},{"indexed":true,"internalType":"uint256","name":"amount","type":"uint256"}],"name":"NodeIncreased","type":"event"},{"anonymous":false,"inputs":[{"indexed":true,"internalType":"address","name":"account","type":"address"},{"indexed":true,"internalType":"uint256","name":"sourceBlockTime","type":"uint256"},{"indexed":true,"internalType":"uint256","name":"destBlockTime","type":"uint256"}],"name":"NodeMerged","type":"event"},{"anonymous":false,"inputs":[{"indexed":true,"internalType":"address","name":"account","type":"address"},{"indexed":false,"internalType":"string","name":"newName","type":"string"}],"name":"NodeRenamed","type":"event"},{"anonymous":false,"inputs":[{"indexed":true,"internalType":"address","name":"previousOwner","type":"address"},{"indexed":true,"internalType":"address","name":"newOwner","type":"address"}],"name":"OwnershipTransferred","type":"event"},{"anonymous":false,"inputs":[{"indexed":false,"internalType":"address","name":"account","type":"address"}],"name":"Paused","type":"event"},{"anonymous":false,"inputs":[{"indexed":false,"internalType":"address","name":"account","type":"address"}],"name":"Unpaused","type":"event"},{"inputs":[{"internalType":"uint256","name":"_lastClaimTime","type":"uint256"}],"name":"_calculateBoost","outputs":[{"internalType":"uint256","name":"","type":"uint256"}],"stateMutability":"view","type":"function"},{"inputs":[{"internalType":"uint256","name":"_lastClaimTime","type":"uint256"},{"internalType":"uint256","name":"_lastCompoundTime","type":"uint256"},{"internalType":"uint256","name":"amount_","type":"uint256"}],"name":"_calculateNodeRewards","outputs":[{"internalType":"uint256","name":"","type":"uint256"}],"stateMutability":"view","type":"function"},{"inputs":[{"internalType":"address","name":"account","type":"address"}],"name":"cashoutAllNodesRewards","outputs":[],"stateMutability":"nonpayable","type":"function"},{"inputs":[{"internalType":"address","name":"account","type":"address"},{"internalType":"uint256","name":"_creationTime","type":"uint256"}],"name":"cashoutNodeReward","outputs":[],"stateMutability":"nonpayable","type":"function"},{"inputs":[{"internalType":"address","name":"account","type":"address"}],"name":"compoundAllNodesRewards","outputs":[],"stateMutability":"nonpayable","type":"function"},{"inputs":[{"internalType":"address","name":"account","type":"address"},{"internalType":"uint256","name":"_creationTime","type":"uint256"},{"internalType":"uint256","name":"rewardAmount_","type":"uint256"}],"name":"compoundNodeReward","outputs":[],"stateMutability":"nonpayable","type":"function"},{"inputs":[{"internalType":"address","name":"account","type":"address"},{"internalType":"string","name":"nodeName","type":"string"},{"internalType":"uint256","name":"amount_","type":"uint256"}],"name":"createNode","outputs":[],"stateMutability":"nonpayable","type":"function"},{"inputs":[{"internalType":"address","name":"account","type":"address"}],"name":"getAllNodes","outputs":[{"components":[{"internalType":"string","name":"name","type":"string"},{"internalType":"uint256","name":"creationTime","type":"uint256"},{"internalType":"uint256","name":"lastClaimTime","type":"uint256"},{"internalType":"uint256","name":"lastCompoundTime","type":"uint256"},{"internalType":"uint256","name":"amount","type":"uint256"},{"internalType":"bool","name":"deleted","type":"bool"}],"internalType":"struct NodeManager02.NodeEntity[]","name":"","type":"tuple[]"}],"stateMutability":"view","type":"function"},{"inputs":[{"internalType":"address","name":"account","type":"address"}],"name":"getAllNodesAmount","outputs":[{"internalType":"uint256","name":"","type":"uint256"}],"stateMutability":"view","type":"function"},{"inputs":[{"internalType":"address","name":"account","type":"address"}],"name":"getAllNodesRewards","outputs":[{"internalType":"uint256","name":"","type":"uint256"}],"stateMutability":"view","type":"function"},{"inputs":[],"name":"getMinPrice","outputs":[{"internalType":"uint256","name":"","type":"uint256"}],"stateMutability":"view","type":"function"},{"inputs":[{"internalType":"address","name":"account","type":"address"}],"name":"getNodeNumberOf","outputs":[{"internalType":"uint256","name":"","type":"uint256"}],"stateMutability":"view","type":"function"},{"inputs":[{"internalType":"address","name":"account","type":"address"},{"internalType":"uint256","name":"_creationTime","type":"uint256"}],"name":"getNodeReward","outputs":[{"internalType":"uint256","name":"","type":"uint256"}],"stateMutability":"view","type":"function"},{"inputs":[{"internalType":"address","name":"account","type":"address"},{"internalType":"uint256","name":"_creationTime","type":"uint256"},{"internalType":"uint256","name":"_amount","type":"uint256"}],"name":"increaseNodeAmount","outputs":[],"stateMutability":"nonpayable","type":"function"},{"inputs":[{"internalType":"address","name":"","type":"address"}],"name":"isAuthorizedAddress","outputs":[{"internalType":"bool","name":"","type":"bool"}],"stateMutability":"view","type":"function"},{"inputs":[{"internalType":"address","name":"account","type":"address"},{"internalType":"uint256","name":"_creationTime1","type":"uint256"},{"internalType":"uint256","name":"_creationTime2","type":"uint256"}],"name":"mergeNodes","outputs":[],"stateMutability":"nonpayable","type":"function"},{"inputs":[{"internalType":"address","name":"account","type":"address"}],"name":"migrateNodes","outputs":[],"stateMutability":"nonpayable","type":"function"},{"inputs":[],"name":"minPrice","outputs":[{"internalType":"uint256","name":"","type":"uint256"}],"stateMutability":"view","type":"function"},{"inputs":[],"name":"owner","outputs":[{"internalType":"address","name":"","type":"address"}],"stateMutability":"view","type":"function"},{"inputs":[],"name":"pause","outputs":[],"stateMutability":"nonpayable","type":"function"},{"inputs":[],"name":"paused","outputs":[{"internalType":"bool","name":"","type":"bool"}],"stateMutability":"view","type":"function"},{"inputs":[{"internalType":"address","name":"account","type":"address"},{"internalType":"string","name":"_newName","type":"string"},{"internalType":"uint256","name":"_creationTime","type":"uint256"}],"name":"renameNode","outputs":[],"stateMutability":"nonpayable","type":"function"},{"inputs":[],"name":"renounceOwnership","outputs":[],"stateMutability":"nonpayable","type":"function"},{"inputs":[],"name":"rewardPerNode","outputs":[{"internalType":"uint256","name":"","type":"uint256"}],"stateMutability":"view","type":"function"},{"inputs":[{"internalType":"address","name":"account","type":"address"},{"internalType":"bool","name":"newVal","type":"bool"}],"name":"setAuthorized","outputs":[],"stateMutability":"nonpayable","type":"function"},{"inputs":[{"internalType":"uint8[]","name":"newVal","type":"uint8[]"}],"name":"setBoostMultipliers","outputs":[],"stateMutability":"nonpayable","type":"function"},{"inputs":[{"internalType":"uint8[]","name":"newVal","type":"uint8[]"}],"name":"setBoostRequiredDays","outputs":[],"stateMutability":"nonpayable","type":"function"},{"inputs":[{"internalType":"uint256","name":"newVal","type":"uint256"}],"name":"setMinPrice","outputs":[],"stateMutability":"nonpayable","type":"function"},{"inputs":[{"internalType":"uint256","name":"newVal","type":"uint256"}],"name":"setRewardPerNode","outputs":[],"stateMutability":"nonpayable","type":"function"},{"inputs":[{"internalType":"address","name":"newToken","type":"address"}],"name":"setToken","outputs":[],"stateMutability":"nonpayable","type":"function"},{"inputs":[],"name":"token","outputs":[{"internalType":"address","name":"","type":"address"}],"stateMutability":"view","type":"function"},{"inputs":[],"name":"totalNodesCreated","outputs":[{"internalType":"uint256","name":"","type":"uint256"}],"stateMutability":"view","type":"function"},{"inputs":[],"name":"totalStaked","outputs":[{"internalType":"uint256","name":"","type":"uint256"}],"stateMutability":"view","type":"function"},{"inputs":[{"internalType":"address","name":"newOwner","type":"address"}],"name":"transferOwnership","outputs":[],"stateMutability":"nonpayable","type":"function"},{"inputs":[],"name":"unpause","outputs":[],"stateMutability":"nonpayable","type":"function"}]