[{"anonymous":false,"inputs":[{"indexed":true,"internalType":"address","name":"previousOwner","type":"address"},{"indexed":true,"internalType":"address","name":"newOwner","type":"address"}],"name":"OwnershipTransferred","type":"event"},{"anonymous":false,"inputs":[{"indexed":false,"internalType":"address","name":"account","type":"address"}],"name":"Paused","type":"event"},{"anonymous":false,"inputs":[{"indexed":false,"internalType":"address","name":"account","type":"address"}],"name":"Unpaused","type":"event"},{"inputs":[{"internalType":"address","name":"_account","type":"address"},{"internalType":"uint256","name":"_creationTime","type":"uint256"},{"internalType":"uint256","name":"_amount","type":"uint256"}],"name":"addAmount","outputs":[{"internalType":"bool","name":"","type":"bool"}],"stateMutability":"nonpayable","type":"function"},{"inputs":[{"internalType":"address","name":"_account","type":"address"},{"internalType":"string","name":"_name","type":"string"},{"internalType":"uint256","name":"_amount","type":"uint256"}],"name":"createNode","outputs":[{"internalType":"bool","name":"","type":"bool"}],"stateMutability":"nonpayable","type":"function"},{"inputs":[{"internalType":"address","name":"_account","type":"address"}],"name":"getAllActiveNodes","outputs":[{"components":[{"internalType":"string","name":"name","type":"string"},{"internalType":"uint256","name":"creationTime","type":"uint256"},{"internalType":"uint256","name":"lastClaimTime","type":"uint256"},{"internalType":"uint256","name":"lastCompoundTime","type":"uint256"},{"internalType":"uint256","name":"amount","type":"uint256"},{"internalType":"bool","name":"deleted","type":"bool"}],"internalType":"struct NodeStorage.NodeEntity[]","name":"","type":"tuple[]"}],"stateMutability":"view","type":"function"},{"inputs":[{"internalType":"address","name":"_account","type":"address"}],"name":"getAllDeletedNodes","outputs":[{"components":[{"internalType":"string","name":"name","type":"string"},{"internalType":"uint256","name":"creationTime","type":"uint256"},{"internalType":"uint256","name":"lastClaimTime","type":"uint256"},{"internalType":"uint256","name":"lastCompoundTime","type":"uint256"},{"internalType":"uint256","name":"amount","type":"uint256"},{"internalType":"bool","name":"deleted","type":"bool"}],"internalType":"struct NodeStorage.NodeEntity[]","name":"","type":"tuple[]"}],"stateMutability":"view","type":"function"},{"inputs":[{"internalType":"address","name":"_account","type":"address"}],"name":"getAllNodes","outputs":[{"components":[{"internalType":"string","name":"name","type":"string"},{"internalType":"uint256","name":"creationTime","type":"uint256"},{"internalType":"uint256","name":"lastClaimTime","type":"uint256"},{"internalType":"uint256","name":"lastCompoundTime","type":"uint256"},{"internalType":"uint256","name":"amount","type":"uint256"},{"internalType":"bool","name":"deleted","type":"bool"}],"internalType":"struct NodeStorage.NodeEntity[]","name":"","type":"tuple[]"}],"stateMutability":"view","type":"function"},{"inputs":[{"internalType":"address","name":"_account","type":"address"}],"name":"getAllNodesAmount","outputs":[{"internalType":"uint256","name":"","type":"uint256"}],"stateMutability":"view","type":"function"},{"inputs":[{"internalType":"address","name":"_account","type":"address"},{"internalType":"uint256","name":"_creationTime","type":"uint256"}],"name":"getNode","outputs":[{"components":[{"internalType":"string","name":"name","type":"string"},{"internalType":"uint256","name":"creationTime","type":"uint256"},{"internalType":"uint256","name":"lastClaimTime","type":"uint256"},{"internalType":"uint256","name":"lastCompoundTime","type":"uint256"},{"internalType":"uint256","name":"amount","type":"uint256"},{"internalType":"bool","name":"deleted","type":"bool"}],"internalType":"struct NodeStorage.NodeEntity","name":"","type":"tuple"}],"stateMutability":"view","type":"function"},{"inputs":[{"internalType":"address","name":"_account","type":"address"}],"name":"getNodesCount","outputs":[{"internalType":"uint256","name":"","type":"uint256"}],"stateMutability":"view","type":"function"},{"inputs":[{"internalType":"address","name":"_address","type":"address"}],"name":"isAuthorized","outputs":[{"internalType":"bool","name":"","type":"bool"}],"stateMutability":"view","type":"function"},{"inputs":[{"internalType":"address","name":"_account","type":"address"},{"internalType":"uint256","name":"_creationTime","type":"uint256"}],"name":"isNodeDeleted","outputs":[{"internalType":"bool","name":"","type":"bool"}],"stateMutability":"view","type":"function"},{"inputs":[{"internalType":"address","name":"_account","type":"address"},{"internalType":"string","name":"_name","type":"string"},{"internalType":"uint256","name":"_amount","type":"uint256"},{"internalType":"uint256","name":"_creationTime","type":"uint256"},{"internalType":"uint256","name":"_lastClaimTime","type":"uint256"},{"internalType":"uint256","name":"_lastCompoundTime","type":"uint256"}],"name":"migrateNode","outputs":[{"internalType":"bool","name":"","type":"bool"}],"stateMutability":"nonpayable","type":"function"},{"inputs":[{"internalType":"address","name":"","type":"address"}],"name":"migratedWallets","outputs":[{"internalType":"bool","name":"","type":"bool"}],"stateMutability":"view","type":"function"},{"inputs":[],"name":"owner","outputs":[{"internalType":"address","name":"","type":"address"}],"stateMutability":"view","type":"function"},{"inputs":[],"name":"pause","outputs":[],"stateMutability":"nonpayable","type":"function"},{"inputs":[],"name":"paused","outputs":[{"internalType":"bool","name":"","type":"bool"}],"stateMutability":"view","type":"function"},{"inputs":[],"name":"renounceOwnership","outputs":[],"stateMutability":"nonpayable","type":"function"},{"inputs":[{"internalType":"address","name":"_address","type":"address"},{"internalType":"bool","name":"_value","type":"bool"}],"name":"setAuthorizedAddress","outputs":[],"stateMutability":"nonpayable","type":"function"},{"inputs":[{"internalType":"address","name":"_account","type":"address"},{"internalType":"uint256","name":"_creationTime","type":"uint256"},{"internalType":"bool","name":"_isDeleted","type":"bool"}],"name":"setDeleted","outputs":[{"internalType":"bool","name":"","type":"bool"}],"stateMutability":"nonpayable","type":"function"},{"inputs":[{"internalType":"address","name":"_account","type":"address"},{"internalType":"uint256","name":"_creationTime","type":"uint256"},{"internalType":"uint256","name":"_timestamp","type":"uint256"}],"name":"setLastClaimTime","outputs":[{"internalType":"bool","name":"","type":"bool"}],"stateMutability":"nonpayable","type":"function"},{"inputs":[{"internalType":"address","name":"_account","type":"address"},{"internalType":"uint256","name":"_creationTime","type":"uint256"},{"internalType":"uint256","name":"_timestamp","type":"uint256"}],"name":"setLastCompoundTime","outputs":[{"internalType":"bool","name":"","type":"bool"}],"stateMutability":"nonpayable","type":"function"},{"inputs":[{"internalType":"address","name":"_account","type":"address"},{"internalType":"uint256","name":"_creationTime","type":"uint256"},{"internalType":"string","name":"_name","type":"string"}],"name":"setName","outputs":[{"internalType":"bool","name":"","type":"bool"}],"stateMutability":"nonpayable","type":"function"},{"inputs":[{"internalType":"address","name":"newOwner","type":"address"}],"name":"transferOwnership","outputs":[],"stateMutability":"nonpayable","type":"function"},{"inputs":[],"name":"unpause","outputs":[],"stateMutability":"nonpayable","type":"function"}]
